{
    "pools": [
      {
        "rolls": 1,
        "entries": [
          {
            "type": "minecraft:item",
            "name": "minecraft:iron_sword"
          }
        ],
        "functions": [
          {
            "function": "minecraft:set_nbt",
            "tag": "{display:{Name:'{\"text\":\"Reinforced Iron Sword\",\"color\":\"gold\",\"bold\":false,\"italic\":false,\"underlined\":false,\"strikethrough\":false,\"obfuscated\":false}'},CustomModelData:100114,CustomItem:5,CustomWeaponId:4,AttributeModifiers:[{AttributeName:\"generic.attack_damage\",Name:\"generic.attack_damage\",Amount:7,Operation:0,UUID:[I;-1119486005,-122009332,-1517232956,-908195118],Slot:\"mainhand\"}]}"
          }
        ]
      }
    ]
  }