{
    "pools": [
      {
        "rolls": 1,
        "entries": [
          {
            "type": "minecraft:item",
            "name": "minecraft:iron_pickaxe",
            "functions": [
              {
                "function": "minecraft:set_nbt",
                "tag": "{display:{Name:'{\"text\":\"Steel Pickaxe\",\"color\":\"gold\",\"bold\":false,\"italic\":false,\"underlined\":false,\"strikethrough\":false,\"obfuscated\":false}'},HideFlags:1,CustomModelData:100121,CustomItem:3,CustomPickaxeId:1,Enchantments:[{id:\"minecraft:efficiency\",lvl:3s},{id:\"minecraft:fortune\",lvl:2s}]}"
              }
            ]
          }
        ]
      }
    ]
  }