{
    "pools": [
      {
        "rolls": 1,
        "entries": [
          {
            "type": "minecraft:item",
            "name": "minecraft:iron_sword"
          }
        ],
        "functions": [
          {
            "function": "minecraft:set_nbt",
            "tag": "{display:{Name:'{\"text\":\"Steel Sword\",\"color\":\"gold\",\"bold\":false,\"italic\":false,\"underlined\":false,\"strikethrough\":false,\"obfuscated\":false}'},CustomModelData:100111,CustomItem:1,CustomWeaponId:1,AttributeModifiers:[{AttributeName:\"generic.attack_damage\",Name:\"generic.attack_damage\",Amount:9,Operation:0,UUID:[I;-906909894,1078611234,-1230856955,-378835590],Slot:\"mainhand\"}]}"
          }
        ]
      }
    ]
  }