{
    "pools": [
      {
        "rolls": 1,
        "entries": [
          {
            "type": "minecraft:item",
            "name": "minecraft:netherite_sword",
            "functions": [
              {
                "function": "minecraft:set_nbt",
                "tag": "{display:{Name:'{\"text\":\"Super Netherite Sword\",\"color\":\"gold\",\"bold\":false,\"italic\":false,\"underlined\":false,\"strikethrough\":false,\"obfuscated\":false}'},CustomModelData:100113,CustomItem:4,CustomWeaponId:3,AttributeModifiers:[{AttributeName:\"generic.attack_damage\",Name:\"generic.attack_damage\",Amount:12,Operation:0,UUID:[I;1820549996,-2108274440,-1946192554,2147283803],Slot:\"mainhand\"},{AttributeName:\"generic.attack_speed\",Name:\"generic.attack_speed\",Amount:2,Operation:0,UUID:[I;-1101360275,2062699214,-1919403165,-1851280278],Slot:\"mainhand\"}]}"
              }
            ]
          }
        ]
      }
    ]
  }