{
  "pools": [
    {
      "rolls": 1,
      "entries": [
        {
          "type": "minecraft:item",
          "name": "minecraft:diamond_sword",
          "functions": [
            {
              "function": "minecraft:set_nbt",
              "tag": "{display:{Name:'{\"text\":\"Wither Sword\",\"color\":\"gold\",\"bold\":false,\"italic\":false,\"underlined\":false,\"strikethrough\":false,\"obfuscated\":false}'},CustomModelData:100112,CustomItem:2,CustomWeaponId:2,AttributeModifiers:[{AttributeName:\"generic.attack_damage\",Name:\"generic.attack_damage\",Amount:14,Operation:0,UUID:[I;-1766486985,1593852350,-2100004737,999044600],Slot:\"mainhand\"},{AttributeName:\"generic.attack_speed\",Name:\"generic.attack_speed\",Amount:3,Operation:0,UUID:[I;1579857601,-995802153,-1564871656,-1191887384],Slot:\"mainhand\"}]}"
            }
          ]
        }
      ]
    }
  ]
}