{
	"parent": "item/handheld",
	"textures": {
		"layer0": "swords/reinforced_iron_sword"
	},
	  "display": {
    "thirdperson_righthand": {
        "rotation": [ 0, -90, 55 ],
        "translation": [ 0, 13.5, -1.2 ],
        "scale": [ 1.7, 1.7, 0.85 ]
    },
    "thirdperson_lefthand": {
        "rotation": [ 0, 90, -55 ],
        "translation": [ 0, 13.5, -1.2 ],
        "scale": [ 1.7, 1.7, 0.85 ]
    },
   "firstperson_righthand": {
        "rotation": [ 0, -90, 25 ],
        "translation": [ 1.13, 6.4, 1.13 ],
        "scale": [ 1.36, 1.36, 0.68 ]
    },
   "firstperson_lefthand": {
        "rotation": [ 0, 90, -25 ],
        "translation": [ 1.13, 6.4, 1.13 ],
        "scale": [ 1.36, 1.36, 0.68 ]
    },
   "ground": {
        "rotation": [ 0, 0, 0 ],
        "translation": [ 0, 4, 0],
        "scale":[ 1, 1, 0.5 ]
    },
   "head": {
        "rotation": [ 0, 180, 0 ],
        "translation": [ 0, 13, 7],
       "scale":[ 2, 2, 1]
    },
   "fixed": {
        "rotation": [ 0, 180, 0 ],
        "scale": [ 2, 2, 1 ]
    },
    "gui": {
        "rotation": [ 0, 0, 0 ],
        "translation":[ 8, 8, 0 ],
        "scale": [ 2, 2, 1 ]
    } 
  }
}